Delta47,SD
0.529774192,0.019696259
0.541931185,0.020428358
0.535313039,0.018223439
0.530665601,0.010126264
0.524180161,0.017773863
0.556516443,0.006541578
0.549620776,0.029216135
0.582240386,0.006308579
0.515169863,0.015186144
0.524306887,0.017975959
0.544082213,0.017158974
0.516621172,0.008784591
0.501902988,0.019826218
0.509049562,0.016271675
0.538507386,0.009241329
0.524674321,0.014897419
