Delta47,SD
0.3,0.0101
0.292,0.0266
0.277,0.00896
0.334,0.0142
0.483,0.006
0.336,0.0116
0.36,0.0107
0.358,0.028
0.484,0.0155
0.494,0.024846
0.458,0.021362
0.5,0.0137
0.348,0.0171
0.329,0.011533
